,vid_paths,speaker_x_px,speaker_y_px
0,/mnt/home/rpeterson/ceph/ssl/speaker/2023_04_10_13_21_17_293863_ssl_pos1/2023_04_10_13_21_17_293863_cam_d.avi,567,364
1,/mnt/home/rpeterson/ceph/ssl/speaker/2023_04_10_13_23_39_703436_ssl_pos2/2023_04_10_13_23_39_703436_cam_d.avi,549,364
2,/mnt/home/rpeterson/ceph/ssl/speaker/2023_04_10_13_32_12_210459_ssl_pos3/2023_04_10_13_32_12_210459_cam_d.avi,533,366
3,/mnt/home/rpeterson/ceph/ssl/speaker/2023_04_10_13_35_00_660691_ssl_pos4/2023_04_10_13_35_00_660691_cam_d.avi,514,371
4,/mnt/home/rpeterson/ceph/ssl/speaker/2023_04_10_13_37_14_332159_ssl_pos5/2023_04_10_13_37_14_332159_cam_d.avi,493,374
5,/mnt/home/rpeterson/ceph/ssl/speaker/2023_04_10_13_39_19_544326_ssl_pos6/2023_04_10_13_39_19_544326_cam_d.avi,477,376
6,/mnt/home/rpeterson/ceph/ssl/speaker/2023_04_10_13_43_20_723629_ssl_pos7/2023_04_10_13_43_20_723629_cam_d.avi,461,376
7,/mnt/home/rpeterson/ceph/ssl/speaker/2023_04_10_13_46_31_679440_ssl_pos8/2023_04_10_13_46_31_679440_cam_d.avi,443,380
8,/mnt/home/rpeterson/ceph/ssl/speaker/2023_04_10_13_48_56_936485_ssl_pos9/2023_04_10_13_48_56_936485_cam_d.avi,425,380
9,/mnt/home/rpeterson/ceph/ssl/speaker/2023_04_10_13_57_16_008319_ssl_pos10/2023_04_10_13_57_16_008319_cam_d.avi,408,383
10,/mnt/home/rpeterson/ceph/ssl/speaker/2023_04_10_13_59_15_791102_ssl_pos11/2023_04_10_13_59_15_791102_cam_d.avi,381,380
11,/mnt/home/rpeterson/ceph/ssl/speaker/2023_04_10_14_01_42_525939_ssl_pos12/2023_04_10_14_01_42_525939_cam_d.avi,364,380
12,/mnt/home/rpeterson/ceph/ssl/speaker/2023_04_10_14_03_40_871061_ssl_pos13/2023_04_10_14_03_40_871061_cam_d.avi,344,379
13,/mnt/home/rpeterson/ceph/ssl/speaker/2023_04_10_14_05_44_300579_ssl_pos14/2023_04_10_14_05_44_300579_cam_d.avi,330,378
14,/mnt/home/rpeterson/ceph/ssl/speaker/2023_04_10_14_07_50_951780_ssl_pos15/2023_04_10_14_07_50_951780_cam_d.avi,313,372
15,/mnt/home/rpeterson/ceph/ssl/speaker/2023_04_10_14_12_39_645477_ssl_pos16/2023_04_10_14_12_39_645477_cam_d.avi,278,371
16,/mnt/home/rpeterson/ceph/ssl/speaker/2023_04_10_14_14_35_892166_ssl_pos17/2023_04_10_14_14_35_892166_cam_d.avi,260,372
17,/mnt/home/rpeterson/ceph/ssl/speaker/2023_04_10_14_16_42_545335_ssl_pos18/2023_04_10_14_16_42_545335_cam_d.avi,243,372
18,/mnt/home/rpeterson/ceph/ssl/speaker/2023_04_10_14_18_28_255033_ssl_pos19/2023_04_10_14_18_28_255033_cam_d.avi,224,372
19,/mnt/home/rpeterson/ceph/ssl/speaker/2023_04_10_14_22_48_675247_ssl_pos20/2023_04_10_14_22_48_675247_cam_d.avi,205,373
20,/mnt/home/rpeterson/ceph/ssl/speaker/2023_04_10_14_25_03_516259_ssl_pos21/2023_04_10_14_25_03_516259_cam_d.avi,185,372
21,/mnt/home/rpeterson/ceph/ssl/speaker/2023_04_10_14_28_30_117891_ssl_pos22/2023_04_10_14_28_30_117891_cam_d.avi,166,373
22,/mnt/home/rpeterson/ceph/ssl/speaker/2023_04_10_14_30_14_633935_ssl_pos23/2023_04_10_14_30_14_633935_cam_d.avi,148,372
23,/mnt/home/rpeterson/ceph/ssl/speaker/2023_04_10_14_32_19_308229_ssl_pos24/2023_04_10_14_32_19_308229_cam_d.avi,130,372
24,/mnt/home/rpeterson/ceph/ssl/speaker/2023_04_10_14_34_48_068804_ssl_pos25/2023_04_10_14_34_48_068804_cam_d.avi,121,372
25,/mnt/home/rpeterson/ceph/ssl/speaker/2023_04_10_14_37_16_772685_ssl_pos26/2023_04_10_14_37_16_772685_cam_d.avi,106,375
26,/mnt/home/rpeterson/ceph/ssl/speaker/2023_04_10_14_59_40_387375_ssl_pos27/2023_04_10_14_59_40_387375_cam_d.avi,104,354
27,/mnt/home/rpeterson/ceph/ssl/speaker/2023_04_10_15_06_29_744721_ssl_pos28/2023_04_10_15_06_29_744721_cam_d.avi,121,353
28,/mnt/home/rpeterson/ceph/ssl/speaker/2023_04_10_15_08_20_289462_ssl_pos29/2023_04_10_15_08_20_289462_cam_d.avi,137,352
29,/mnt/home/rpeterson/ceph/ssl/speaker/2023_04_10_15_10_12_787023_ssl_pos30/2023_04_10_15_10_12_787023_cam_d.avi,158,352
30,/mnt/home/rpeterson/ceph/ssl/speaker/2023_04_10_15_11_57_684195_ssl_pos31/2023_04_10_15_11_57_684195_cam_d.avi,177,350
31,/mnt/home/rpeterson/ceph/ssl/speaker/2023_04_10_15_14_34_169857_ssl_pos32/2023_04_10_15_14_34_169857_cam_d.avi,195,351
32,/mnt/home/rpeterson/ceph/ssl/speaker/2023_04_10_15_16_30_400673_ssl_pos33/2023_04_10_15_16_30_400673_cam_d.avi,209,350
33,/mnt/home/rpeterson/ceph/ssl/speaker/2023_04_10_15_18_24_856100_ssl_pos34/2023_04_10_15_18_24_856100_cam_d.avi,224,347
34,/mnt/home/rpeterson/ceph/ssl/speaker/2023_04_10_15_22_38_476838_ssl_pos35/2023_04_10_15_22_38_476838_cam_d.avi,240,345
35,/mnt/home/rpeterson/ceph/ssl/speaker/2023_04_10_15_26_04_074126_ssl_pos36/2023_04_10_15_26_04_074126_cam_d.avi,254,343
36,/mnt/home/rpeterson/ceph/ssl/speaker/2023_04_10_15_28_00_882395_ssl_pos37/2023_04_10_15_28_00_882395_cam_d.avi,271,342
37,/mnt/home/rpeterson/ceph/ssl/speaker/2023_04_10_15_30_44_260631_ssl_pos38/2023_04_10_15_30_44_260631_cam_d.avi,284,349
38,/mnt/home/rpeterson/ceph/ssl/speaker/2023_04_10_15_34_37_899750_ssl_pos39/2023_04_10_15_34_37_899750_cam_d.avi,297,352
39,/mnt/home/rpeterson/ceph/ssl/speaker/2023_04_10_15_36_40_125909_ssl_pos40/2023_04_10_15_36_40_125909_cam_d.avi,308,352
40,/mnt/home/rpeterson/ceph/ssl/speaker/2023_04_10_15_38_43_154269_ssl_pos41/2023_04_10_15_38_43_154269_cam_d.avi,319,352
41,/mnt/home/rpeterson/ceph/ssl/speaker/2023_04_10_15_40_48_334396_ssl_pos42/2023_04_10_15_40_48_334396_cam_d.avi,331,354
42,/mnt/home/rpeterson/ceph/ssl/speaker/2023_04_10_15_42_38_318519_ssl_pos43/2023_04_10_15_42_38_318519_cam_d.avi,345,351
43,/mnt/home/rpeterson/ceph/ssl/speaker/2023_04_10_15_44_35_086251_ssl_pos44/2023_04_10_15_44_35_086251_cam_d.avi,360,356
44,/mnt/home/rpeterson/ceph/ssl/speaker/2023_04_10_15_46_31_642236_ssl_pos45/2023_04_10_15_46_31_642236_cam_d.avi,382,361
45,/mnt/home/rpeterson/ceph/ssl/speaker/2023_04_10_15_48_26_310673_ssl_pos46/2023_04_10_15_48_26_310673_cam_d.avi,402,362
46,/mnt/home/rpeterson/ceph/ssl/speaker/2023_04_10_15_50_28_467065_ssl_pos47/2023_04_10_15_50_28_467065_cam_d.avi,418,363
47,/mnt/home/rpeterson/ceph/ssl/speaker/2023_04_10_15_52_18_636608_ssl_pos48/2023_04_10_15_52_18_636608_cam_d.avi,437,364
48,/mnt/home/rpeterson/ceph/ssl/speaker/2023_04_10_15_54_17_737671_ssl_pos49/2023_04_10_15_54_17_737671_cam_d.avi,459,359
49,/mnt/home/rpeterson/ceph/ssl/speaker/2023_04_10_15_56_20_359378_ssl_pos50/2023_04_10_15_56_20_359378_cam_d.avi,475,356
50,/mnt/home/rpeterson/ceph/ssl/speaker/2023_04_10_15_58_08_404668_ssl_pos51/2023_04_10_15_58_08_404668_cam_d.avi,493,355
51,/mnt/home/rpeterson/ceph/ssl/speaker/2023_04_10_16_02_44_802150_ssl_pos52/2023_04_10_16_02_44_802150_cam_d.avi,504,351
52,/mnt/home/rpeterson/ceph/ssl/speaker/2023_04_10_16_04_31_830519_ssl_pos53/2023_04_10_16_04_31_830519_cam_d.avi,521,348
53,/mnt/home/rpeterson/ceph/ssl/speaker/2023_04_10_16_06_53_897483_ssl_pos54/2023_04_10_16_06_53_897483_cam_d.avi,538,344
54,/mnt/home/rpeterson/ceph/ssl/speaker/2023_04_10_16_08_54_705562_ssl_pos55/2023_04_10_16_08_54_705562_cam_d.avi,554,345
55,/mnt/home/rpeterson/ceph/ssl/speaker/2023_04_10_16_10_37_023332_ssl_pos56/2023_04_10_16_10_37_023332_cam_d.avi,563,344
56,/mnt/home/rpeterson/ceph/ssl/speaker/2023_04_10_16_37_58_400134_ssl_pos57/2023_04_10_16_37_58_400134_cam_d.avi,565,325
57,/mnt/home/rpeterson/ceph/ssl/speaker/2023_04_10_16_40_07_125857_ssl_pos58/2023_04_10_16_40_07_125857_cam_d.avi,545,326
58,/mnt/home/rpeterson/ceph/ssl/speaker/2023_04_10_16_41_57_130771_ssl_pos59/2023_04_10_16_41_57_130771_cam_d.avi,526,327
59,/mnt/home/rpeterson/ceph/ssl/speaker/2023_04_10_16_43_49_215430_ssl_pos60/2023_04_10_16_43_49_215430_cam_d.avi,514,330
60,/mnt/home/rpeterson/ceph/ssl/speaker/2023_04_10_16_47_20_268465_ssl_pos61/2023_04_10_16_47_20_268465_cam_d.avi,494,332
61,/mnt/home/rpeterson/ceph/ssl/speaker/2023_04_10_16_49_12_184816_ssl_pos62/2023_04_10_16_49_12_184816_cam_d.avi,472,328
62,/mnt/home/rpeterson/ceph/ssl/speaker/2023_04_10_16_51_04_325036_ssl_pos63/2023_04_10_16_51_04_325036_cam_d.avi,450,330
63,/mnt/home/rpeterson/ceph/ssl/speaker/2023_04_10_16_52_54_215780_ssl_pos64/2023_04_10_16_52_54_215780_cam_d.avi,430,329
64,/mnt/home/rpeterson/ceph/ssl/speaker/2023_04_10_16_54_46_739146_ssl_pos65/2023_04_10_16_54_46_739146_cam_d.avi,411,328
65,/mnt/home/rpeterson/ceph/ssl/speaker/2023_04_10_16_57_01_963429_ssl_pos66/2023_04_10_16_57_01_963429_cam_d.avi,386,331
66,/mnt/home/rpeterson/ceph/ssl/speaker/2023_04_10_16_59_06_758075_ssl_pos67/2023_04_10_16_59_06_758075_cam_d.avi,368,335
67,/mnt/home/rpeterson/ceph/ssl/speaker/2023_04_10_17_01_08_919018_ssl_pos68/2023_04_10_17_01_08_919018_cam_d.avi,346,337
68,/mnt/home/rpeterson/ceph/ssl/speaker/2023_04_10_17_03_08_383735_ssl_pos69/2023_04_10_17_03_08_383735_cam_d.avi,318,329
69,/mnt/home/rpeterson/ceph/ssl/speaker/2023_04_10_17_05_08_084886_ssl_pos70/2023_04_10_17_05_08_084886_cam_d.avi,305,331
70,/mnt/home/rpeterson/ceph/ssl/speaker/2023_04_10_17_07_09_445319_ssl_pos71/2023_04_10_17_07_09_445319_cam_d.avi,288,329
71,/mnt/home/rpeterson/ceph/ssl/speaker/2023_04_10_17_10_57_267500_ssl_pos72/2023_04_10_17_10_57_267500_cam_d.avi,273,334
72,/mnt/home/rpeterson/ceph/ssl/speaker/2023_04_10_17_12_55_998465_ssl_pos73/2023_04_10_17_12_55_998465_cam_d.avi,251,333
73,/mnt/home/rpeterson/ceph/ssl/speaker/2023_04_10_17_15_07_602318_ssl_pos74/2023_04_10_17_15_07_602318_cam_d.avi,231,332
74,/mnt/home/rpeterson/ceph/ssl/speaker/2023_04_10_17_17_48_113751_ssl_pos75/2023_04_10_17_17_48_113751_cam_d.avi,212,333
75,/mnt/home/rpeterson/ceph/ssl/speaker/2023_04_10_17_19_54_373901_ssl_pos76/2023_04_10_17_19_54_373901_cam_d.avi,194,332
76,/mnt/home/rpeterson/ceph/ssl/speaker/2023_04_10_17_22_00_182596_ssl_pos77/2023_04_10_17_22_00_182596_cam_d.avi,175,332
77,/mnt/home/rpeterson/ceph/ssl/speaker/2023_04_10_17_23_43_436301_ssl_pos78/2023_04_10_17_23_43_436301_cam_d.avi,155,332
78,/mnt/home/rpeterson/ceph/ssl/speaker/2023_04_10_17_25_38_407356_ssl_pos79/2023_04_10_17_25_38_407356_cam_d.avi,134,336
79,/mnt/home/rpeterson/ceph/ssl/speaker/2023_04_10_17_27_39_091633_ssl_pos80/2023_04_10_17_27_39_091633_cam_d.avi,114,332
80,/mnt/home/rpeterson/ceph/ssl/speaker/2023_04_10_17_29_41_858846_ssl_pos81/2023_04_10_17_29_41_858846_cam_d.avi,104,333
81,/mnt/home/rpeterson/ceph/ssl/speaker/2023_04_10_17_33_39_066940_ssl_pos82/2023_04_10_17_33_39_066940_cam_d.avi,102,314
82,/mnt/home/rpeterson/ceph/ssl/speaker/2023_04_10_17_35_37_249850_ssl_pos83/2023_04_10_17_35_37_249850_cam_d.avi,119,314
83,/mnt/home/rpeterson/ceph/ssl/speaker/2023_04_10_17_37_30_146586_ssl_pos84/2023_04_10_17_37_30_146586_cam_d.avi,139,314
84,/mnt/home/rpeterson/ceph/ssl/speaker/2023_04_10_17_39_10_942099_ssl_pos85/2023_04_10_17_39_10_942099_cam_d.avi,161,315
85,/mnt/home/rpeterson/ceph/ssl/speaker/2023_04_10_17_41_39_774349_ssl_pos86/2023_04_10_17_41_39_774349_cam_d.avi,179,309
86,/mnt/home/rpeterson/ceph/ssl/speaker/2023_04_10_17_43_29_225319_ssl_pos87/2023_04_10_17_43_29_225319_cam_d.avi,195,311
87,/mnt/home/rpeterson/ceph/ssl/speaker/2023_04_10_17_45_13_520954_ssl_pos88/2023_04_10_17_45_13_520954_cam_d.avi,209,311
88,/mnt/home/rpeterson/ceph/ssl/speaker/2023_04_10_17_47_04_416397_ssl_pos89/2023_04_10_17_47_04_416397_cam_d.avi,225,311
89,/mnt/home/rpeterson/ceph/ssl/speaker/2023_04_10_17_51_22_109023_ssl_pos90/2023_04_10_17_51_22_109023_cam_d.avi,242,310
90,/mnt/home/rpeterson/ceph/ssl/speaker/2023_04_10_17_53_39_033213_ssl_pos91/2023_04_10_17_53_39_033213_cam_d.avi,259,308
91,/mnt/home/rpeterson/ceph/ssl/speaker/2023_04_10_17_55_18_128510_ssl_pos92/2023_04_10_17_55_18_128510_cam_d.avi,273,311
92,/mnt/home/rpeterson/ceph/ssl/speaker/2023_04_10_17_57_07_142153_ssl_pos93/2023_04_10_17_57_07_142153_cam_d.avi,289,309
93,/mnt/home/rpeterson/ceph/ssl/speaker/2023_04_10_17_58_54_620371_ssl_pos94/2023_04_10_17_58_54_620371_cam_d.avi,303,309
94,/mnt/home/rpeterson/ceph/ssl/speaker/2023_04_10_18_00_45_453938_ssl_pos95/2023_04_10_18_00_45_453938_cam_d.avi,319,308
95,/mnt/home/rpeterson/ceph/ssl/speaker/2023_04_10_18_02_37_901457_ssl_pos96/2023_04_10_18_02_37_901457_cam_d.avi,333,304
96,/mnt/home/rpeterson/ceph/ssl/speaker/2023_04_10_18_05_40_304824_ssl_pos97/2023_04_10_18_05_40_304824_cam_d.avi,347,303
97,/mnt/home/rpeterson/ceph/ssl/speaker/2023_04_10_18_07_39_242504_ssl_pos98/2023_04_10_18_07_39_242504_cam_d.avi,365,302
98,/mnt/home/rpeterson/ceph/ssl/speaker/2023_04_10_18_09_30_355441_ssl_pos99/2023_04_10_18_09_30_355441_cam_d.avi,389,299
99,/mnt/home/rpeterson/ceph/ssl/speaker/2023_04_10_18_11_12_985801_ssl_pos100/2023_04_10_18_11_12_985801_cam_d.avi,410,299
100,/mnt/home/rpeterson/ceph/ssl/speaker/2023_04_10_18_13_13_287042_ssl_pos101/2023_04_10_18_13_13_287042_cam_d.avi,422,300
101,/mnt/home/rpeterson/ceph/ssl/speaker/2023_04_10_18_15_19_849943_ssl_pos102/2023_04_10_18_15_19_849943_cam_d.avi,439,304
102,/mnt/home/rpeterson/ceph/ssl/speaker/2023_04_10_18_17_24_125023_ssl_pos103/2023_04_10_18_17_24_125023_cam_d.avi,454,304
103,/mnt/home/rpeterson/ceph/ssl/speaker/2023_04_10_18_19_21_749275_ssl_pos104/2023_04_10_18_19_21_749275_cam_d.avi,475,306
104,/mnt/home/rpeterson/ceph/ssl/speaker/2023_04_10_18_21_12_789169_ssl_pos105/2023_04_10_18_21_12_789169_cam_d.avi,495,310
105,/mnt/home/rpeterson/ceph/ssl/speaker/2023_04_10_18_24_17_441881_ssl_pos106/2023_04_10_18_24_17_441881_cam_d.avi,514,312
106,/mnt/home/rpeterson/ceph/ssl/speaker/2023_04_10_18_26_15_400112_ssl_pos107/2023_04_10_18_26_15_400112_cam_d.avi,532,308
107,/mnt/home/rpeterson/ceph/ssl/speaker/2023_04_10_18_28_21_113679_ssl_pos108/2023_04_10_18_28_21_113679_cam_d.avi,542,308
108,/mnt/home/rpeterson/ceph/ssl/speaker/2023_04_10_18_30_11_305856_ssl_pos109/2023_04_10_18_30_11_305856_cam_d.avi,561,309
109,/mnt/home/rpeterson/ceph/ssl/speaker/2023_04_10_18_32_09_772006_ssl_pos110/2023_04_10_18_32_09_772006_cam_d.avi,565,306
110,/mnt/home/rpeterson/ceph/ssl/speaker/2023_04_11_07_11_50_148845_ssl_pos111/2023_04_11_07_11_50_148845_cam_d.avi,566,286
111,/mnt/home/rpeterson/ceph/ssl/speaker/2023_04_11_07_13_40_162525_ssl_pos112/2023_04_11_07_13_40_162525_cam_d.avi,547,287
112,/mnt/home/rpeterson/ceph/ssl/speaker/2023_04_11_07_15_19_815591_ssl_pos113/2023_04_11_07_15_19_815591_cam_d.avi,530,288
113,/mnt/home/rpeterson/ceph/ssl/speaker/2023_04_11_07_17_12_369192_ssl_pos114/2023_04_11_07_17_12_369192_cam_d.avi,510,287
114,/mnt/home/rpeterson/ceph/ssl/speaker/2023_04_11_07_19_08_037568_ssl_pos115/2023_04_11_07_19_08_037568_cam_d.avi,487,285
115,/mnt/home/rpeterson/ceph/ssl/speaker/2023_04_11_07_20_53_283384_ssl_pos116/2023_04_11_07_20_53_283384_cam_d.avi,463,284
116,/mnt/home/rpeterson/ceph/ssl/speaker/2023_04_11_07_22_39_336776_ssl_pos117/2023_04_11_07_22_39_336776_cam_d.avi,436,289
117,/mnt/home/rpeterson/ceph/ssl/speaker/2023_04_11_07_24_31_164752_ssl_pos118/2023_04_11_07_24_31_164752_cam_d.avi,417,283
118,/mnt/home/rpeterson/ceph/ssl/speaker/2023_04_11_07_26_20_360947_ssl_pos119/2023_04_11_07_26_20_360947_cam_d.avi,396,284
119,/mnt/home/rpeterson/ceph/ssl/speaker/2023_04_11_07_28_15_762625_ssl_pos120/2023_04_11_07_28_15_762625_cam_d.avi,375,285
120,/mnt/home/rpeterson/ceph/ssl/speaker/2023_04_11_07_30_14_925252_ssl_pos121/2023_04_11_07_30_14_925252_cam_d.avi,352,285
121,/mnt/home/rpeterson/ceph/ssl/speaker/2023_04_11_07_32_25_858577_ssl_pos122/2023_04_11_07_32_25_858577_cam_d.avi,331,288
122,/mnt/home/rpeterson/ceph/ssl/speaker/2023_04_11_07_34_14_973782_ssl_pos123/2023_04_11_07_34_14_973782_cam_d.avi,310,289
123,/mnt/home/rpeterson/ceph/ssl/speaker/2023_04_11_07_36_05_734635_ssl_pos124/2023_04_11_07_36_05_734635_cam_d.avi,291,292
124,/mnt/home/rpeterson/ceph/ssl/speaker/2023_04_11_07_38_08_918106_ssl_pos125/2023_04_11_07_38_08_918106_cam_d.avi,274,293
125,/mnt/home/rpeterson/ceph/ssl/speaker/2023_04_11_07_40_04_668503_ssl_pos126/2023_04_11_07_40_04_668503_cam_d.avi,255,293
126,/mnt/home/rpeterson/ceph/ssl/speaker/2023_04_11_07_41_58_087959_ssl_pos127/2023_04_11_07_41_58_087959_cam_d.avi,232,293
127,/mnt/home/rpeterson/ceph/ssl/speaker/2023_04_11_07_44_12_240570_ssl_pos128/2023_04_11_07_44_12_240570_cam_d.avi,211,294
128,/mnt/home/rpeterson/ceph/ssl/speaker/2023_04_11_07_46_07_574114_ssl_pos129/2023_04_11_07_46_07_574114_cam_d.avi,193,293
129,/mnt/home/rpeterson/ceph/ssl/speaker/2023_04_11_07_48_23_684192_ssl_pos130/2023_04_11_07_48_23_684192_cam_d.avi,172,295
130,/mnt/home/rpeterson/ceph/ssl/speaker/2023_04_11_07_50_24_180822_ssl_pos131/2023_04_11_07_50_24_180822_cam_d.avi,152,293
131,/mnt/home/rpeterson/ceph/ssl/speaker/2023_04_11_07_56_44_043120_ssl_pos132/2023_04_11_07_56_44_043120_cam_d.avi,136,295
132,/mnt/home/rpeterson/ceph/ssl/speaker/2023_04_11_07_59_21_027882_ssl_pos133/2023_04_11_07_59_21_027882_cam_d.avi,116,297
133,/mnt/home/rpeterson/ceph/ssl/speaker/2023_04_11_08_02_01_534172_ssl_pos134/2023_04_11_08_02_01_534172_cam_d.avi,100,294
134,/mnt/home/rpeterson/ceph/ssl/speaker/2023_04_11_08_10_35_839946_ssl_pos135/2023_04_11_08_10_35_839946_cam_d.avi,98,275
135,/mnt/home/rpeterson/ceph/ssl/speaker/2023_04_11_08_12_20_422017_ssl_pos136/2023_04_11_08_12_20_422017_cam_d.avi,116,273
136,/mnt/home/rpeterson/ceph/ssl/speaker/2023_04_11_08_14_16_188893_ssl_pos137/2023_04_11_08_14_16_188893_cam_d.avi,131,269
137,/mnt/home/rpeterson/ceph/ssl/speaker/2023_04_11_08_16_43_679284_ssl_pos138/2023_04_11_08_16_43_679284_cam_d.avi,152,270
138,/mnt/home/rpeterson/ceph/ssl/speaker/2023_04_11_08_20_53_902792_ssl_pos139/2023_04_11_08_20_53_902792_cam_d.avi,172,272
139,/mnt/home/rpeterson/ceph/ssl/speaker/2023_04_11_08_22_54_752327_ssl_pos140/2023_04_11_08_22_54_752327_cam_d.avi,187,274
140,/mnt/home/rpeterson/ceph/ssl/speaker/2023_04_11_08_24_57_544274_ssl_pos141/2023_04_11_08_24_57_544274_cam_d.avi,205,275
141,/mnt/home/rpeterson/ceph/ssl/speaker/2023_04_11_08_27_43_651725_ssl_pos142/2023_04_11_08_27_43_651725_cam_d.avi,217,274
142,/mnt/home/rpeterson/ceph/ssl/speaker/2023_04_11_08_29_36_516910_ssl_pos143/2023_04_11_08_29_36_516910_cam_d.avi,232,275
143,/mnt/home/rpeterson/ceph/ssl/speaker/2023_04_11_08_32_06_539582_ssl_pos144/2023_04_11_08_32_06_539582_cam_d.avi,237,272
144,/mnt/home/rpeterson/ceph/ssl/speaker/2023_04_11_08_34_59_687101_ssl_pos145/2023_04_11_08_34_59_687101_cam_d.avi,249,272
145,/mnt/home/rpeterson/ceph/ssl/speaker/2023_04_11_08_37_12_765329_ssl_pos146/2023_04_11_08_37_12_765329_cam_d.avi,265,270
146,/mnt/home/rpeterson/ceph/ssl/speaker/2023_04_11_08_39_21_617155_ssl_pos147/2023_04_11_08_39_21_617155_cam_d.avi,283,272
147,/mnt/home/rpeterson/ceph/ssl/speaker/2023_04_11_08_41_09_134120_ssl_pos148/2023_04_11_08_41_09_134120_cam_d.avi,299,272
148,/mnt/home/rpeterson/ceph/ssl/speaker/2023_04_11_08_42_55_804387_ssl_pos149/2023_04_11_08_42_55_804387_cam_d.avi,317,269
149,/mnt/home/rpeterson/ceph/ssl/speaker/2023_04_11_08_44_44_985750_ssl_pos150/2023_04_11_08_44_44_985750_cam_d.avi,335,268
150,/mnt/home/rpeterson/ceph/ssl/speaker/2023_04_11_08_46_52_649558_ssl_pos151/2023_04_11_08_46_52_649558_cam_d.avi,346,271
151,/mnt/home/rpeterson/ceph/ssl/speaker/2023_04_11_08_49_02_357369_ssl_pos152/2023_04_11_08_49_02_357369_cam_d.avi,363,268
152,/mnt/home/rpeterson/ceph/ssl/speaker/2023_04_11_08_50_53_190283_ssl_pos153/2023_04_11_08_50_53_190283_cam_d.avi,381,266
153,/mnt/home/rpeterson/ceph/ssl/speaker/2023_04_11_08_53_00_017590_ssl_pos154/2023_04_11_08_53_00_017590_cam_d.avi,398,266
154,/mnt/home/rpeterson/ceph/ssl/speaker/2023_04_11_08_54_52_797747_ssl_pos155/2023_04_11_08_54_52_797747_cam_d.avi,415,266
155,/mnt/home/rpeterson/ceph/ssl/speaker/2023_04_11_08_56_59_746670_ssl_pos156/2023_04_11_08_56_59_746670_cam_d.avi,433,268
156,/mnt/home/rpeterson/ceph/ssl/speaker/2023_04_11_08_58_52_568813_ssl_pos157/2023_04_11_08_58_52_568813_cam_d.avi,452,270
157,/mnt/home/rpeterson/ceph/ssl/speaker/2023_04_11_09_00_30_476411_ssl_pos158/2023_04_11_09_00_30_476411_cam_d.avi,468,269
158,/mnt/home/rpeterson/ceph/ssl/speaker/2023_04_11_09_02_32_488639_ssl_pos159/2023_04_11_09_02_32_488639_cam_d.avi,482,266
159,/mnt/home/rpeterson/ceph/ssl/speaker/2023_04_11_09_04_23_870935_ssl_pos160/2023_04_11_09_04_23_870935_cam_d.avi,501,265
160,/mnt/home/rpeterson/ceph/ssl/speaker/2023_04_11_09_06_14_941401_ssl_pos161/2023_04_11_09_06_14_941401_cam_d.avi,520,267
161,/mnt/home/rpeterson/ceph/ssl/speaker/2023_04_11_09_08_36_548206_ssl_pos162/2023_04_11_09_08_36_548206_cam_d.avi,539,268
162,/mnt/home/rpeterson/ceph/ssl/speaker/2023_04_11_09_10_31_993329_ssl_pos163/2023_04_11_09_10_31_993329_cam_d.avi,557,270
163,/mnt/home/rpeterson/ceph/ssl/speaker/2023_04_11_09_12_54_705673_ssl_pos164/2023_04_11_09_12_54_705673_cam_d.avi,572,269
164,/mnt/home/rpeterson/ceph/ssl/speaker/2023_04_11_09_15_04_171869_ssl_pos165/2023_04_11_09_15_04_171869_cam_d.avi,572,248
165,/mnt/home/rpeterson/ceph/ssl/speaker/2023_04_11_09_17_02_476963_ssl_pos166/2023_04_11_09_17_02_476963_cam_d.avi,558,249
166,/mnt/home/rpeterson/ceph/ssl/speaker/2023_04_11_09_20_27_008571_ssl_pos167/2023_04_11_09_20_27_008571_cam_d.avi,537,250
167,/mnt/home/rpeterson/ceph/ssl/speaker/2023_04_11_09_22_32_662864_ssl_pos168/2023_04_11_09_22_32_662864_cam_d.avi,516,247
168,/mnt/home/rpeterson/ceph/ssl/speaker/2023_04_11_09_32_59_176505_ssl_pos169/2023_04_11_09_32_59_176505_cam_d.avi,500,249
169,/mnt/home/rpeterson/ceph/ssl/speaker/2023_04_11_09_35_26_901279_ssl_pos170/2023_04_11_09_35_26_901279_cam_d.avi,476,249
170,/mnt/home/rpeterson/ceph/ssl/speaker/2023_04_11_09_37_26_523967_ssl_pos171/2023_04_11_09_37_26_523967_cam_d.avi,454,251
171,/mnt/home/rpeterson/ceph/ssl/speaker/2023_04_11_09_39_27_296699_ssl_pos172/2023_04_11_09_39_27_296699_cam_d.avi,427,251
172,/mnt/home/rpeterson/ceph/ssl/speaker/2023_04_11_09_41_11_346007_ssl_pos173/2023_04_11_09_41_11_346007_cam_d.avi,410,254
173,/mnt/home/rpeterson/ceph/ssl/speaker/2023_04_11_09_43_00_611282_ssl_pos174/2023_04_11_09_43_00_611282_cam_d.avi,394,250
174,/mnt/home/rpeterson/ceph/ssl/speaker/2023_04_11_09_44_50_884703_ssl_pos175/2023_04_11_09_44_50_884703_cam_d.avi,371,253
175,/mnt/home/rpeterson/ceph/ssl/speaker/2023_04_11_09_46_42_549449_ssl_pos176/2023_04_11_09_46_42_549449_cam_d.avi,350,250
176,/mnt/home/rpeterson/ceph/ssl/speaker/2023_04_11_09_48_52_672391_ssl_pos177/2023_04_11_09_48_52_672391_cam_d.avi,332,252
177,/mnt/home/rpeterson/ceph/ssl/speaker/2023_04_11_09_50_38_768557_ssl_pos178/2023_04_11_09_50_38_768557_cam_d.avi,310,251
178,/mnt/home/rpeterson/ceph/ssl/speaker/2023_04_11_09_52_33_802501_ssl_pos179/2023_04_11_09_52_33_802501_cam_d.avi,290,254
179,/mnt/home/rpeterson/ceph/ssl/speaker/2023_04_11_09_54_26_747478_ssl_pos180/2023_04_11_09_54_26_747478_cam_d.avi,273,255
180,/mnt/home/rpeterson/ceph/ssl/speaker/2023_04_11_09_56_19_223302_ssl_pos181/2023_04_11_09_56_19_223302_cam_d.avi,252,258
181,/mnt/home/rpeterson/ceph/ssl/speaker/2023_04_11_09_58_03_938299_ssl_pos182/2023_04_11_09_58_03_938299_cam_d.avi,235,259
182,/mnt/home/rpeterson/ceph/ssl/speaker/2023_04_11_09_59_45_818164_ssl_pos183/2023_04_11_09_59_45_818164_cam_d.avi,212,255
183,/mnt/home/rpeterson/ceph/ssl/speaker/2023_04_11_10_01_32_101525_ssl_pos184/2023_04_11_10_01_32_101525_cam_d.avi,191,256
184,/mnt/home/rpeterson/ceph/ssl/speaker/2023_04_11_10_03_21_800342_ssl_pos185/2023_04_11_10_03_21_800342_cam_d.avi,173,256
185,/mnt/home/rpeterson/ceph/ssl/speaker/2023_04_11_10_05_00_829853_ssl_pos186/2023_04_11_10_05_00_829853_cam_d.avi,149,254
186,/mnt/home/rpeterson/ceph/ssl/speaker/2023_04_11_10_06_38_367772_ssl_pos187/2023_04_11_10_06_38_367772_cam_d.avi,131,256
187,/mnt/home/rpeterson/ceph/ssl/speaker/2023_04_11_10_08_17_216690_ssl_pos188/2023_04_11_10_08_17_216690_cam_d.avi,113,259
188,/mnt/home/rpeterson/ceph/ssl/speaker/2023_04_11_10_10_26_759460_ssl_pos189/2023_04_11_10_10_26_759460_cam_d.avi,100,259
189,/mnt/home/rpeterson/ceph/ssl/speaker/2023_04_11_10_19_45_931559_ssl_pos190/2023_04_11_10_19_45_931559_cam_d.avi,99,247
190,/mnt/home/rpeterson/ceph/ssl/speaker/2023_04_11_10_21_29_605292_ssl_pos191/2023_04_11_10_21_29_605292_cam_d.avi,117,244
191,/mnt/home/rpeterson/ceph/ssl/speaker/2023_04_11_10_24_40_327416_ssl_pos192/2023_04_11_10_24_40_327416_cam_d.avi,135,240
192,/mnt/home/rpeterson/ceph/ssl/speaker/2023_04_11_10_26_24_104828_ssl_pos193/2023_04_11_10_26_24_104828_cam_d.avi,157,241
193,/mnt/home/rpeterson/ceph/ssl/speaker/2023_04_11_10_28_15_831101_ssl_pos194/2023_04_11_10_28_15_831101_cam_d.avi,177,242
194,/mnt/home/rpeterson/ceph/ssl/speaker/2023_04_11_10_29_58_391551_ssl_pos195/2023_04_11_10_29_58_391551_cam_d.avi,196,242
195,/mnt/home/rpeterson/ceph/ssl/speaker/2023_04_11_10_31_41_207193_ssl_pos196/2023_04_11_10_31_41_207193_cam_d.avi,213,243
196,/mnt/home/rpeterson/ceph/ssl/speaker/2023_04_11_10_33_29_543757_ssl_pos197/2023_04_11_10_33_29_543757_cam_d.avi,232,242
197,/mnt/home/rpeterson/ceph/ssl/speaker/2023_04_11_10_35_15_430261_ssl_pos198/2023_04_11_10_35_15_430261_cam_d.avi,252,244
198,/mnt/home/rpeterson/ceph/ssl/speaker/2023_04_11_10_37_03_729171_ssl_pos199/2023_04_11_10_37_03_729171_cam_d.avi,272,244
199,/mnt/home/rpeterson/ceph/ssl/speaker/2023_04_11_10_39_37_078919_ssl_pos200/2023_04_11_10_39_37_078919_cam_d.avi,296,239
200,/mnt/home/rpeterson/ceph/ssl/speaker/2023_04_11_10_41_24_513106_ssl_pos201/2023_04_11_10_41_24_513106_cam_d.avi,317,241
201,/mnt/home/rpeterson/ceph/ssl/speaker/2023_04_11_10_43_09_165699_ssl_pos202/2023_04_11_10_43_09_165699_cam_d.avi,336,240
202,/mnt/home/rpeterson/ceph/ssl/speaker/2023_04_11_10_46_59_671266_ssl_pos203/2023_04_11_10_46_59_671266_cam_d.avi,361,240
203,/mnt/home/rpeterson/ceph/ssl/speaker/2023_04_11_10_48_36_900226_ssl_pos204/2023_04_11_10_48_36_900226_cam_d.avi,383,238
204,/mnt/home/rpeterson/ceph/ssl/speaker/2023_04_11_10_50_36_750023_ssl_pos205/2023_04_11_10_50_36_750023_cam_d.avi,399,237
205,/mnt/home/rpeterson/ceph/ssl/speaker/2023_04_11_10_53_08_111467_ssl_pos206/2023_04_11_10_53_08_111467_cam_d.avi,414,236
206,/mnt/home/rpeterson/ceph/ssl/speaker/2023_04_11_10_54_51_009557_ssl_pos207/2023_04_11_10_54_51_009557_cam_d.avi,429,236
207,/mnt/home/rpeterson/ceph/ssl/speaker/2023_04_11_10_56_38_104580_ssl_pos208/2023_04_11_10_56_38_104580_cam_d.avi,447,235
208,/mnt/home/rpeterson/ceph/ssl/speaker/2023_04_11_10_58_22_586889_ssl_pos209/2023_04_11_10_58_22_586889_cam_d.avi,468,234
209,/mnt/home/rpeterson/ceph/ssl/speaker/2023_04_11_11_00_11_109900_ssl_pos210/2023_04_11_11_00_11_109900_cam_d.avi,491,235
210,/mnt/home/rpeterson/ceph/ssl/speaker/2023_04_11_11_01_53_712512_ssl_pos211/2023_04_11_11_01_53_712512_cam_d.avi,512,233
211,/mnt/home/rpeterson/ceph/ssl/speaker/2023_04_11_11_03_48_783019_ssl_pos212/2023_04_11_11_03_48_783019_cam_d.avi,532,234
212,/mnt/home/rpeterson/ceph/ssl/speaker/2023_04_11_11_05_53_751880_ssl_pos213/2023_04_11_11_05_53_751880_cam_d.avi,550,233
213,/mnt/home/rpeterson/ceph/ssl/speaker/2023_04_11_11_07_40_501651_ssl_pos214/2023_04_11_11_07_40_501651_cam_d.avi,572,236
214,/mnt/home/rpeterson/ceph/ssl/speaker/2023_04_11_11_09_46_809965_ssl_pos215/2023_04_11_11_09_46_809965_cam_d.avi,571,215
215,/mnt/home/rpeterson/ceph/ssl/speaker/2023_04_11_11_11_39_280925_ssl_pos216/2023_04_11_11_11_39_280925_cam_d.avi,552,215
216,/mnt/home/rpeterson/ceph/ssl/speaker/2023_04_11_11_13_15_073034_ssl_pos217/2023_04_11_11_13_15_073034_cam_d.avi,534,214
217,/mnt/home/rpeterson/ceph/ssl/speaker/2023_04_11_11_15_10_820609_ssl_pos218/2023_04_11_11_15_10_820609_cam_d.avi,511,214
218,/mnt/home/rpeterson/ceph/ssl/speaker/2023_04_11_11_17_00_886392_ssl_pos219/2023_04_11_11_17_00_886392_cam_d.avi,490,217
219,/mnt/home/rpeterson/ceph/ssl/speaker/2023_04_11_11_18_51_467941_ssl_pos220/2023_04_11_11_18_51_467941_cam_d.avi,470,218
220,/mnt/home/rpeterson/ceph/ssl/speaker/2023_04_11_11_22_02_931080_ssl_pos221/2023_04_11_11_22_02_931080_cam_d.avi,450,219
221,/mnt/home/rpeterson/ceph/ssl/speaker/2023_04_11_11_23_58_208589_ssl_pos222/2023_04_11_11_23_58_208589_cam_d.avi,430,217
222,/mnt/home/rpeterson/ceph/ssl/speaker/2023_04_11_11_25_45_166145_ssl_pos223/2023_04_11_11_25_45_166145_cam_d.avi,411,217
223,/mnt/home/rpeterson/ceph/ssl/speaker/2023_04_11_11_27_27_281267_ssl_pos224/2023_04_11_11_27_27_281267_cam_d.avi,391,218
224,/mnt/home/rpeterson/ceph/ssl/speaker/2023_04_11_11_29_09_329695_ssl_pos225/2023_04_11_11_29_09_329695_cam_d.avi,371,219
225,/mnt/home/rpeterson/ceph/ssl/speaker/2023_04_11_11_30_51_759822_ssl_pos226/2023_04_11_11_30_51_759822_cam_d.avi,351,221
226,/mnt/home/rpeterson/ceph/ssl/speaker/2023_04_11_11_32_30_778619_ssl_pos227/2023_04_11_11_32_30_778619_cam_d.avi,326,219
227,/mnt/home/rpeterson/ceph/ssl/speaker/2023_04_11_11_34_16_339576_ssl_pos228/2023_04_11_11_34_16_339576_cam_d.avi,304,219
228,/mnt/home/rpeterson/ceph/ssl/speaker/2023_04_11_11_36_07_757061_ssl_pos229/2023_04_11_11_36_07_757061_cam_d.avi,285,219
229,/mnt/home/rpeterson/ceph/ssl/speaker/2023_04_11_11_37_48_571430_ssl_pos230/2023_04_11_11_37_48_571430_cam_d.avi,268,219
230,/mnt/home/rpeterson/ceph/ssl/speaker/2023_04_11_11_39_47_464033_ssl_pos231/2023_04_11_11_39_47_464033_cam_d.avi,252,221
231,/mnt/home/rpeterson/ceph/ssl/speaker/2023_04_11_11_44_25_343768_ssl_pos232/2023_04_11_11_44_25_343768_cam_d.avi,234,221
232,/mnt/home/rpeterson/ceph/ssl/speaker/2023_04_11_11_50_00_996248_ssl_pos233/2023_04_11_11_50_00_996248_cam_d.avi,213,222
233,/mnt/home/rpeterson/ceph/ssl/speaker/2023_04_11_11_51_40_418853_ssl_pos234/2023_04_11_11_51_40_418853_cam_d.avi,196,223
234,/mnt/home/rpeterson/ceph/ssl/speaker/2023_04_11_11_53_21_078867_ssl_pos235/2023_04_11_11_53_21_078867_cam_d.avi,177,223
235,/mnt/home/rpeterson/ceph/ssl/speaker/2023_04_11_11_55_21_967529_ssl_pos236/2023_04_11_11_55_21_967529_cam_d.avi,159,223
236,/mnt/home/rpeterson/ceph/ssl/speaker/2023_04_11_11_57_15_715866_ssl_pos237/2023_04_11_11_57_15_715866_cam_d.avi,138,225
237,/mnt/home/rpeterson/ceph/ssl/speaker/2023_04_11_11_59_04_131574_ssl_pos238/2023_04_11_11_59_04_131574_cam_d.avi,120,228
238,/mnt/home/rpeterson/ceph/ssl/speaker/2023_04_11_12_01_35_034688_ssl_pos239/2023_04_11_12_01_35_034688_cam_d.avi,96,224
239,/mnt/home/rpeterson/ceph/ssl/speaker/2023_04_11_12_14_03_393959_ssl_pos240/2023_04_11_12_14_03_393959_cam_d.avi,96,204
240,/mnt/home/rpeterson/ceph/ssl/speaker/2023_04_11_12_16_11_595028_ssl_pos241/2023_04_11_12_16_11_595028_cam_d.avi,116,207
241,/mnt/home/rpeterson/ceph/ssl/speaker/2023_04_11_12_22_47_017686_ssl_pos242/2023_04_11_12_22_47_017686_cam_d.avi,133,206
242,/mnt/home/rpeterson/ceph/ssl/speaker/2023_04_11_12_34_42_522745_ssl_pos243/2023_04_11_12_34_42_522745_cam_d.avi,155,202
243,/mnt/home/rpeterson/ceph/ssl/speaker/2023_04_11_12_38_17_344918_ssl_pos244/2023_04_11_12_38_17_344918_cam_d.avi,165,202
244,/mnt/home/rpeterson/ceph/ssl/speaker/2023_04_11_12_40_02_242712_ssl_pos245/2023_04_11_12_40_02_242712_cam_d.avi,186,201
245,/mnt/home/rpeterson/ceph/ssl/speaker/2023_04_11_12_41_39_046669_ssl_pos246/2023_04_11_12_41_39_046669_cam_d.avi,204,201
246,/mnt/home/rpeterson/ceph/ssl/speaker/2023_04_11_12_43_30_663271_ssl_pos247/2023_04_11_12_43_30_663271_cam_d.avi,224,201
247,/mnt/home/rpeterson/ceph/ssl/speaker/2023_04_11_12_45_22_908363_ssl_pos248/2023_04_11_12_45_22_908363_cam_d.avi,245,202
248,/mnt/home/rpeterson/ceph/ssl/speaker/2023_04_11_12_47_10_305219_ssl_pos249/2023_04_11_12_47_10_305219_cam_d.avi,264,200
249,/mnt/home/rpeterson/ceph/ssl/speaker/2023_04_11_12_49_02_186173_ssl_pos250/2023_04_11_12_49_02_186173_cam_d.avi,279,199
250,/mnt/home/rpeterson/ceph/ssl/speaker/2023_04_11_12_50_52_138691_ssl_pos251/2023_04_11_12_50_52_138691_cam_d.avi,296,200
251,/mnt/home/rpeterson/ceph/ssl/speaker/2023_04_11_12_52_35_228921_ssl_pos252/2023_04_11_12_52_35_228921_cam_d.avi,315,198
252,/mnt/home/rpeterson/ceph/ssl/speaker/2023_04_11_12_54_28_099023_ssl_pos253/2023_04_11_12_54_28_099023_cam_d.avi,333,202
253,/mnt/home/rpeterson/ceph/ssl/speaker/2023_04_11_12_57_06_131777_ssl_pos254/2023_04_11_12_57_06_131777_cam_d.avi,353,197
254,/mnt/home/rpeterson/ceph/ssl/speaker/2023_04_11_12_58_56_238044_ssl_pos255/2023_04_11_12_58_56_238044_cam_d.avi,379,196
255,/mnt/home/rpeterson/ceph/ssl/speaker/2023_04_11_13_00_33_115095_ssl_pos256/2023_04_11_13_00_33_115095_cam_d.avi,403,198
256,/mnt/home/rpeterson/ceph/ssl/speaker/2023_04_11_13_02_27_001100_ssl_pos257/2023_04_11_13_02_27_001100_cam_d.avi,421,201
257,/mnt/home/rpeterson/ceph/ssl/speaker/2023_04_11_13_04_42_916466_ssl_pos258/2023_04_11_13_04_42_916466_cam_d.avi,440,195
258,/mnt/home/rpeterson/ceph/ssl/speaker/2023_04_11_13_07_25_907173_ssl_pos259/2023_04_11_13_07_25_907173_cam_d.avi,459,197
259,/mnt/home/rpeterson/ceph/ssl/speaker/2023_04_11_13_09_29_583984_ssl_pos260/2023_04_11_13_09_29_583984_cam_d.avi,481,197
260,/mnt/home/rpeterson/ceph/ssl/speaker/2023_04_11_13_11_24_755869_ssl_pos261/2023_04_11_13_11_24_755869_cam_d.avi,459,199
261,/mnt/home/rpeterson/ceph/ssl/speaker/2023_04_11_13_15_26_226670_ssl_pos262/2023_04_11_13_15_26_226670_cam_d.avi,478,196
262,/mnt/home/rpeterson/ceph/ssl/speaker/2023_04_11_13_17_12_070529_ssl_pos263/2023_04_11_13_17_12_070529_cam_d.avi,503,198
263,/mnt/home/rpeterson/ceph/ssl/speaker/2023_04_11_13_18_45_136159_ssl_pos264/2023_04_11_13_18_45_136159_cam_d.avi,523,200
264,/mnt/home/rpeterson/ceph/ssl/speaker/2023_04_11_13_20_33_017261_ssl_pos265/2023_04_11_13_20_33_017261_cam_d.avi,548,194
265,/mnt/home/rpeterson/ceph/ssl/speaker/2023_04_11_13_22_39_295201_ssl_pos266/2023_04_11_13_22_39_295201_cam_d.avi,571,194
266,/mnt/home/rpeterson/ceph/ssl/speaker/2023_04_11_13_24_51_100071_ssl_pos267/2023_04_11_13_24_51_100071_cam_d.avi,572,182
267,/mnt/home/rpeterson/ceph/ssl/speaker/2023_04_11_13_26_39_372701_ssl_pos268/2023_04_11_13_26_39_372701_cam_d.avi,553,182
268,/mnt/home/rpeterson/ceph/ssl/speaker/2023_04_11_13_28_33_178272_ssl_pos269/2023_04_11_13_28_33_178272_cam_d.avi,535,181
269,/mnt/home/rpeterson/ceph/ssl/speaker/2023_04_11_13_39_25_945132_ssl_pos270/2023_04_11_13_39_25_945132_cam_d.avi,513,181
270,/mnt/home/rpeterson/ceph/ssl/speaker/2023_04_11_13_43_46_340485_ssl_pos271/2023_04_11_13_43_46_340485_cam_d.avi,492,182
271,/mnt/home/rpeterson/ceph/ssl/speaker/2023_04_11_13_47_46_710948_ssl_pos272/2023_04_11_13_47_46_710948_cam_d.avi,469,186
272,/mnt/home/rpeterson/ceph/ssl/speaker/2023_04_11_13_49_27_425200_ssl_pos273/2023_04_11_13_49_27_425200_cam_d.avi,450,187
273,/mnt/home/rpeterson/ceph/ssl/speaker/2023_04_11_13_51_25_806897_ssl_pos274/2023_04_11_13_51_25_806897_cam_d.avi,430,187
274,/mnt/home/rpeterson/ceph/ssl/speaker/2023_04_11_13_53_36_877028_ssl_pos275/2023_04_11_13_53_36_877028_cam_d.avi,414,187
275,/mnt/home/rpeterson/ceph/ssl/speaker/2023_04_11_13_55_25_414523_ssl_pos276/2023_04_11_13_55_25_414523_cam_d.avi,391,189
276,/mnt/home/rpeterson/ceph/ssl/speaker/2023_04_11_14_05_33_561292_ssl_pos277/2023_04_11_14_05_33_561292_cam_d.avi,375,192
277,/mnt/home/rpeterson/ceph/ssl/speaker/2023_04_11_14_08_09_138882_ssl_pos278/2023_04_11_14_08_09_138882_cam_d.avi,356,193
278,/mnt/home/rpeterson/ceph/ssl/speaker/2023_04_11_14_15_35_100650_ssl_pos279/2023_04_11_14_15_35_100650_cam_d.avi,339,190
279,/mnt/home/rpeterson/ceph/ssl/speaker/2023_04_11_14_17_09_352776_ssl_pos280/2023_04_11_14_17_09_352776_cam_d.avi,320,189
280,/mnt/home/rpeterson/ceph/ssl/speaker/2023_04_11_14_20_33_914928_ssl_pos281/2023_04_11_14_20_33_914928_cam_d.avi,299,188
281,/mnt/home/rpeterson/ceph/ssl/speaker/2023_04_11_14_22_25_291885_ssl_pos282/2023_04_11_14_22_25_291885_cam_d.avi,278,189
282,/mnt/home/rpeterson/ceph/ssl/speaker/2023_04_11_14_25_19_850019_ssl_pos283/2023_04_11_14_25_19_850019_cam_d.avi,259,191
283,/mnt/home/rpeterson/ceph/ssl/speaker/2023_04_11_14_27_17_459845_ssl_pos284/2023_04_11_14_27_17_459845_cam_d.avi,240,194
284,/mnt/home/rpeterson/ceph/ssl/speaker/2023_04_11_14_28_57_454425_ssl_pos285/2023_04_11_14_28_57_454425_cam_d.avi,225,193
285,/mnt/home/rpeterson/ceph/ssl/speaker/2023_04_11_14_30_36_185338_ssl_pos286/2023_04_11_14_30_36_185338_cam_d.avi,208,195
286,/mnt/home/rpeterson/ceph/ssl/speaker/2023_04_11_14_33_57_874653_ssl_pos287/2023_04_11_14_33_57_874653_cam_d.avi,201,191
287,/mnt/home/rpeterson/ceph/ssl/speaker/2023_04_11_14_40_21_319680_ssl_pos288/2023_04_11_14_40_21_319680_cam_d.avi,190,194
288,/mnt/home/rpeterson/ceph/ssl/speaker/2023_04_11_14_42_27_924740_ssl_pos289/2023_04_11_14_42_27_924740_cam_d.avi,169,195
289,/mnt/home/rpeterson/ceph/ssl/speaker/2023_04_11_14_45_40_252185_ssl_pos290/2023_04_11_14_45_40_252185_cam_d.avi,150,193
290,/mnt/home/rpeterson/ceph/ssl/speaker/2023_04_11_14_47_27_178945_ssl_pos291/2023_04_11_14_47_27_178945_cam_d.avi,125,196
291,/mnt/home/rpeterson/ceph/ssl/speaker/2023_04_11_14_49_08_889838_ssl_pos292/2023_04_11_14_49_08_889838_cam_d.avi,109,199
292,/mnt/home/rpeterson/ceph/ssl/speaker/2023_04_11_14_50_55_564433_ssl_pos293/2023_04_11_14_50_55_564433_cam_d.avi,96,192
293,/mnt/home/rpeterson/ceph/ssl/speaker/2023_04_11_14_55_36_072711_ssl_pos294/2023_04_11_14_55_36_072711_cam_d.avi,95,172
294,/mnt/home/rpeterson/ceph/ssl/speaker/2023_04_11_14_58_47_823884_ssl_pos295/2023_04_11_14_58_47_823884_cam_d.avi,114,172
295,/mnt/home/rpeterson/ceph/ssl/speaker/2023_04_11_15_00_28_412234_ssl_pos296/2023_04_11_15_00_28_412234_cam_d.avi,133,173
296,/mnt/home/rpeterson/ceph/ssl/speaker/2023_04_11_15_02_13_631392_ssl_pos297/2023_04_11_15_02_13_631392_cam_d.avi,150,171
297,/mnt/home/rpeterson/ceph/ssl/speaker/2023_04_11_16_16_38_005297_ssl_pos298/2023_04_11_16_16_38_005297_cam_d.avi,173,172
298,/mnt/home/rpeterson/ceph/ssl/speaker/2023_04_11_16_18_26_958753_ssl_pos299/2023_04_11_16_18_26_958753_cam_d.avi,193,174
299,/mnt/home/rpeterson/ceph/ssl/speaker/2023_04_11_16_20_16_104740_ssl_pos300/2023_04_11_16_20_16_104740_cam_d.avi,209,168
300,/mnt/home/rpeterson/ceph/ssl/speaker/2023_04_11_16_22_05_622240_ssl_pos301/2023_04_11_16_22_05_622240_cam_d.avi,230,170
301,/mnt/home/rpeterson/ceph/ssl/speaker/2023_04_11_16_23_46_738220_ssl_pos302/2023_04_11_16_23_46_738220_cam_d.avi,249,170
302,/mnt/home/rpeterson/ceph/ssl/speaker/2023_04_11_16_26_53_339867_ssl_pos303/2023_04_11_16_26_53_339867_cam_d.avi,269,172
303,/mnt/home/rpeterson/ceph/ssl/speaker/2023_04_11_16_29_09_618439_ssl_pos304/2023_04_11_16_29_09_618439_cam_d.avi,291,174
304,/mnt/home/rpeterson/ceph/ssl/speaker/2023_04_11_16_30_49_767513_ssl_pos305/2023_04_11_16_30_49_767513_cam_d.avi,312,170
305,/mnt/home/rpeterson/ceph/ssl/speaker/2023_04_11_16_32_58_705883_ssl_pos306/2023_04_11_16_32_58_705883_cam_d.avi,334,172
306,/mnt/home/rpeterson/ceph/ssl/speaker/2023_04_11_16_34_45_087979_ssl_pos307/2023_04_11_16_34_45_087979_cam_d.avi,354,173
307,/mnt/home/rpeterson/ceph/ssl/speaker/2023_04_11_16_44_24_731953_ssl_pos308/2023_04_11_16_44_24_731953_cam_d.avi,365,176
308,/mnt/home/rpeterson/ceph/ssl/speaker/2023_04_11_16_46_07_567278_ssl_pos309/2023_04_11_16_46_07_567278_cam_d.avi,382,177
309,/mnt/home/rpeterson/ceph/ssl/speaker/2023_04_11_16_47_47_508591_ssl_pos310/2023_04_11_16_47_47_508591_cam_d.avi,403,177
310,/mnt/home/rpeterson/ceph/ssl/speaker/2023_04_11_16_49_36_354424_ssl_pos311/2023_04_11_16_49_36_354424_cam_d.avi,421,176
311,/mnt/home/rpeterson/ceph/ssl/speaker/2023_04_11_16_51_24_353221_ssl_pos312/2023_04_11_16_51_24_353221_cam_d.avi,437,177
312,/mnt/home/rpeterson/ceph/ssl/speaker/2023_04_11_16_53_18_151207_ssl_pos313/2023_04_11_16_53_18_151207_cam_d.avi,465,164
313,/mnt/home/rpeterson/ceph/ssl/speaker/2023_04_11_16_55_08_224085_ssl_pos314/2023_04_11_16_55_08_224085_cam_d.avi,481,165
314,/mnt/home/rpeterson/ceph/ssl/speaker/2023_04_11_16_57_01_522147_ssl_pos315/2023_04_11_16_57_01_522147_cam_d.avi,503,163
315,/mnt/home/rpeterson/ceph/ssl/speaker/2023_04_11_16_58_56_004723_ssl_pos316/2023_04_11_16_58_56_004723_cam_d.avi,519,164
316,/mnt/home/rpeterson/ceph/ssl/speaker/2023_04_11_17_01_04_438060_ssl_pos317/2023_04_11_17_01_04_438060_cam_d.avi,542,161
317,/mnt/home/rpeterson/ceph/ssl/speaker/2023_04_11_17_02_37_933702_ssl_pos318/2023_04_11_17_02_37_933702_cam_d.avi,559,162
318,/mnt/home/rpeterson/ceph/ssl/speaker/2023_04_11_17_04_15_286787_ssl_pos320/2023_04_11_17_04_15_286787_cam_d.avi,570,162
319,/mnt/home/rpeterson/ceph/ssl/speaker/2023_04_11_17_06_49_212074_ssl_pos321/2023_04_11_17_06_49_212074_cam_d.avi,571,138
320,/mnt/home/rpeterson/ceph/ssl/speaker/2023_04_11_17_08_29_081405_ssl_pos322/2023_04_11_17_08_29_081405_cam_d.avi,551,138
321,/mnt/home/rpeterson/ceph/ssl/speaker/2023_04_11_17_10_09_227445_ssl_pos323/2023_04_11_17_10_09_227445_cam_d.avi,529,138
322,/mnt/home/rpeterson/ceph/ssl/speaker/2023_04_11_17_11_53_406802_ssl_pos324/2023_04_11_17_11_53_406802_cam_d.avi,508,140
323,/mnt/home/rpeterson/ceph/ssl/speaker/2023_04_11_17_13_29_928275_ssl_pos325/2023_04_11_17_13_29_928275_cam_d.avi,490,142
324,/mnt/home/rpeterson/ceph/ssl/speaker/2023_04_11_17_16_47_393613_ssl_pos326/2023_04_11_17_16_47_393613_cam_d.avi,475,141
325,/mnt/home/rpeterson/ceph/ssl/speaker/2023_04_11_17_19_56_388001_ssl_pos327/2023_04_11_17_19_56_388001_cam_d.avi,452,142
326,/mnt/home/rpeterson/ceph/ssl/speaker/2023_04_11_17_21_41_179018_ssl_pos328/2023_04_11_17_21_41_179018_cam_d.avi,432,143
327,/mnt/home/rpeterson/ceph/ssl/speaker/2023_04_11_17_24_13_026730_ssl_pos329/2023_04_11_17_24_13_026730_cam_d.avi,413,144
328,/mnt/home/rpeterson/ceph/ssl/speaker/2023_04_11_17_26_15_035215_ssl_pos330/2023_04_11_17_26_15_035215_cam_d.avi,396,144
329,/mnt/home/rpeterson/ceph/ssl/speaker/2023_04_11_17_28_05_809206_ssl_pos331/2023_04_11_17_28_05_809206_cam_d.avi,375,145
330,/mnt/home/rpeterson/ceph/ssl/speaker/2023_04_11_17_29_49_949390_ssl_pos332/2023_04_11_17_29_49_949390_cam_d.avi,356,146
331,/mnt/home/rpeterson/ceph/ssl/speaker/2023_04_11_17_31_39_637678_ssl_pos333/2023_04_11_17_31_39_637678_cam_d.avi,334,147
332,/mnt/home/rpeterson/ceph/ssl/speaker/2023_04_11_17_33_26_710139_ssl_pos334/2023_04_11_17_33_26_710139_cam_d.avi,313,148
333,/mnt/home/rpeterson/ceph/ssl/speaker/2023_04_11_17_35_07_549613_ssl_pos335/2023_04_11_17_35_07_549613_cam_d.avi,290,151
334,/mnt/home/rpeterson/ceph/ssl/speaker/2023_04_11_17_36_58_704708_ssl_pos336/2023_04_11_17_36_58_704708_cam_d.avi,261,150
335,/mnt/home/rpeterson/ceph/ssl/speaker/2023_04_11_17_38_53_328260_ssl_pos337/2023_04_11_17_38_53_328260_cam_d.avi,241,151
336,/mnt/home/rpeterson/ceph/ssl/speaker/2023_04_11_17_42_13_380073_ssl_pos338/2023_04_11_17_42_13_380073_cam_d.avi,226,149
337,/mnt/home/rpeterson/ceph/ssl/speaker/2023_04_11_17_43_52_422352_ssl_pos339/2023_04_11_17_43_52_422352_cam_d.avi,200,155
338,/mnt/home/rpeterson/ceph/ssl/speaker/2023_04_11_17_45_39_223825_ssl_pos340/2023_04_11_17_45_39_223825_cam_d.avi,184,150
339,/mnt/home/rpeterson/ceph/ssl/speaker/2023_04_11_17_47_21_134532_ssl_pos341/2023_04_11_17_47_21_134532_cam_d.avi,164,153
340,/mnt/home/rpeterson/ceph/ssl/speaker/2023_04_11_17_50_00_218614_ssl_pos342/2023_04_11_17_50_00_218614_cam_d.avi,147,157
341,/mnt/home/rpeterson/ceph/ssl/speaker/2023_04_11_17_51_46_519577_ssl_pos343/2023_04_11_17_51_46_519577_cam_d.avi,123,160
342,/mnt/home/rpeterson/ceph/ssl/speaker/2023_04_11_17_53_23_340879_ssl_pos344/2023_04_11_17_53_23_340879_cam_d.avi,107,164
343,/mnt/home/rpeterson/ceph/ssl/speaker/2023_04_11_17_55_15_276652_ssl_pos345/2023_04_11_17_55_15_276652_cam_d.avi,95,153
344,/mnt/home/rpeterson/ceph/ssl/speaker/2023_04_11_17_58_10_351747_ssl_pos346/2023_04_11_17_58_10_351747_cam_d.avi,93,126
345,/mnt/home/rpeterson/ceph/ssl/speaker/2023_04_11_18_00_04_437442_ssl_pos347/2023_04_11_18_00_04_437442_cam_d.avi,113,128
346,/mnt/home/rpeterson/ceph/ssl/speaker/2023_04_11_18_01_41_467038_ssl_pos348/2023_04_11_18_01_41_467038_cam_d.avi,133,128
347,/mnt/home/rpeterson/ceph/ssl/speaker/2023_04_11_18_04_04_353929_ssl_pos349/2023_04_11_18_04_04_353929_cam_d.avi,159,125
348,/mnt/home/rpeterson/ceph/ssl/speaker/2023_04_11_18_07_51_797572_ssl_pos350/2023_04_11_18_07_51_797572_cam_d.avi,182,125
349,/mnt/home/rpeterson/ceph/ssl/speaker/2023_04_11_18_09_54_721672_ssl_pos351/2023_04_11_18_09_54_721672_cam_d.avi,194,123
350,/mnt/home/rpeterson/ceph/ssl/speaker/2023_04_11_18_11_35_628832_ssl_pos352/2023_04_11_18_11_35_628832_cam_d.avi,212,125
351,/mnt/home/rpeterson/ceph/ssl/speaker/2023_04_11_18_13_29_931304_ssl_pos353/2023_04_11_18_13_29_931304_cam_d.avi,232,125
352,/mnt/home/rpeterson/ceph/ssl/speaker/2023_04_11_18_15_26_937795_ssl_pos354/2023_04_11_18_15_26_937795_cam_d.avi,253,129
353,/mnt/home/rpeterson/ceph/ssl/speaker/2023_04_11_18_17_12_100903_ssl_pos355/2023_04_11_18_17_12_100903_cam_d.avi,276,122
354,/mnt/home/rpeterson/ceph/ssl/speaker/2023_04_11_18_19_00_517126_ssl_pos356/2023_04_11_18_19_00_517126_cam_d.avi,298,124
355,/mnt/home/rpeterson/ceph/ssl/speaker/2023_04_11_18_20_50_569154_ssl_pos357/2023_04_11_18_20_50_569154_cam_d.avi,325,128
356,/mnt/home/rpeterson/ceph/ssl/speaker/2023_04_11_18_23_01_616743_ssl_pos358/2023_04_11_18_23_01_616743_cam_d.avi,346,128
357,/mnt/home/rpeterson/ceph/ssl/speaker/2023_04_11_18_24_48_914806_ssl_pos359/2023_04_11_18_24_48_914806_cam_d.avi,369,128
358,/mnt/home/rpeterson/ceph/ssl/speaker/2023_04_11_18_26_32_972428_ssl_pos360/2023_04_11_18_26_32_972428_cam_d.avi,392,119
359,/mnt/home/rpeterson/ceph/ssl/speaker/2023_04_11_18_28_27_702666_ssl_pos361/2023_04_11_18_28_27_702666_cam_d.avi,419,120
360,/mnt/home/rpeterson/ceph/ssl/speaker/2023_04_11_18_30_09_820138_ssl_pos362/2023_04_11_18_30_09_820138_cam_d.avi,440,120
361,/mnt/home/rpeterson/ceph/ssl/speaker/2023_04_11_18_31_56_311022_ssl_pos363/2023_04_11_18_31_56_311022_cam_d.avi,465,117
362,/mnt/home/rpeterson/ceph/ssl/speaker/2023_04_11_18_33_40_418487_ssl_pos364/2023_04_11_18_33_40_418487_cam_d.avi,485,118
363,/mnt/home/rpeterson/ceph/ssl/speaker/2023_04_11_18_35_30_141969_ssl_pos365/2023_04_11_18_35_30_141969_cam_d.avi,502,119
364,/mnt/home/rpeterson/ceph/ssl/speaker/2023_04_11_18_37_14_073808_ssl_pos366/2023_04_11_18_37_14_073808_cam_d.avi,519,117
365,/mnt/home/rpeterson/ceph/ssl/speaker/2023_04_11_18_39_07_808441_ssl_pos367/2023_04_11_18_39_07_808441_cam_d.avi,534,118
366,/mnt/home/rpeterson/ceph/ssl/speaker/2023_04_11_18_40_45_857343_ssl_pos368/2023_04_11_18_40_45_857343_cam_d.avi,553,119
367,/mnt/home/rpeterson/ceph/ssl/speaker/2023_04_11_18_42_52_770435_ssl_pos369/2023_04_11_18_42_52_770435_cam_d.avi,572,115
368,/mnt/home/rpeterson/ceph/ssl/speaker/2023_04_11_18_44_50_754570_ssl_pos370/2023_04_11_18_44_50_754570_cam_d.avi,573,92
369,/mnt/home/rpeterson/ceph/ssl/speaker/2023_04_11_18_46_40_073318_ssl_pos371/2023_04_11_18_46_40_073318_cam_d.avi,552,92
370,/mnt/home/rpeterson/ceph/ssl/speaker/2023_04_11_18_48_35_331710_ssl_pos372/2023_04_11_18_48_35_331710_cam_d.avi,530,92
371,/mnt/home/rpeterson/ceph/ssl/speaker/2023_04_11_18_50_11_161302_ssl_pos373/2023_04_11_18_50_11_161302_cam_d.avi,508,93
372,/mnt/home/rpeterson/ceph/ssl/speaker/2023_04_11_18_51_52_553221_ssl_pos374/2023_04_11_18_51_52_553221_cam_d.avi,492,93
373,/mnt/home/rpeterson/ceph/ssl/speaker/2023_04_11_18_54_02_741740_ssl_pos375/2023_04_11_18_54_02_741740_cam_d.avi,470,93
374,/mnt/home/rpeterson/ceph/ssl/speaker/2023_04_11_18_55_37_891222_ssl_pos376/2023_04_11_18_55_37_891222_cam_d.avi,454,91
375,/mnt/home/rpeterson/ceph/ssl/speaker/2023_04_11_18_57_24_708659_ssl_pos377/2023_04_11_18_57_24_708659_cam_d.avi,433,91
376,/mnt/home/rpeterson/ceph/ssl/speaker/2023_04_11_18_59_04_266776_ssl_pos378/2023_04_11_18_59_04_266776_cam_d.avi,413,90
377,/mnt/home/rpeterson/ceph/ssl/speaker/2023_04_11_19_00_41_576660_ssl_pos379/2023_04_11_19_00_41_576660_cam_d.avi,391,90
378,/mnt/home/rpeterson/ceph/ssl/speaker/2023_04_11_19_02_30_764012_ssl_pos380/2023_04_11_19_02_30_764012_cam_d.avi,376,90
379,/mnt/home/rpeterson/ceph/ssl/speaker/2023_04_11_19_04_14_912583_ssl_pos381/2023_04_11_19_04_14_912583_cam_d.avi,354,96
380,/mnt/home/rpeterson/ceph/ssl/speaker/2023_04_11_19_05_56_463293_ssl_pos382/2023_04_11_19_05_56_463293_cam_d.avi,330,97
381,/mnt/home/rpeterson/ceph/ssl/speaker/2023_04_11_19_08_00_362184_ssl_pos383/2023_04_11_19_08_00_362184_cam_d.avi,311,98
382,/mnt/home/rpeterson/ceph/ssl/speaker/2023_04_11_19_09_38_823384_ssl_pos384/2023_04_11_19_09_38_823384_cam_d.avi,285,98
383,/mnt/home/rpeterson/ceph/ssl/speaker/2023_04_11_19_11_19_124529_ssl_pos385/2023_04_11_19_11_19_124529_cam_d.avi,267,99
384,/mnt/home/rpeterson/ceph/ssl/speaker/2023_04_11_19_13_05_571839_ssl_pos386/2023_04_11_19_13_05_571839_cam_d.avi,251,99
385,/mnt/home/rpeterson/ceph/ssl/speaker/2023_04_11_19_14_43_797655_ssl_pos387/2023_04_11_19_14_43_797655_cam_d.avi,231,100
386,/mnt/home/rpeterson/ceph/ssl/speaker/2023_04_11_19_16_22_226545_ssl_pos388/2023_04_11_19_16_22_226545_cam_d.avi,212,101
387,/mnt/home/rpeterson/ceph/ssl/speaker/2023_04_11_19_18_11_129966_ssl_pos389/2023_04_11_19_18_11_129966_cam_d.avi,195,100
388,/mnt/home/rpeterson/ceph/ssl/speaker/2023_04_11_19_19_54_830061_ssl_pos390/2023_04_11_19_19_54_830061_cam_d.avi,179,100
389,/mnt/home/rpeterson/ceph/ssl/speaker/2023_04_11_19_21_47_103905_ssl_pos391/2023_04_11_19_21_47_103905_cam_d.avi,156,102
390,/mnt/home/rpeterson/ceph/ssl/speaker/2023_04_11_19_23_51_823629_ssl_pos392/2023_04_11_19_23_51_823629_cam_d.avi,137,102
391,/mnt/home/rpeterson/ceph/ssl/speaker/2023_04_11_19_26_04_582983_ssl_pos393/2023_04_11_19_26_04_582983_cam_d.avi,124,103
392,/mnt/home/rpeterson/ceph/ssl/speaker/2023_04_11_19_27_54_571103_ssl_pos394/2023_04_11_19_27_54_571103_cam_d.avi,106,108
393,/mnt/home/rpeterson/ceph/ssl/speaker/2023_04_11_19_30_44_759455_ssl_pos395/2023_04_11_19_30_44_759455_cam_d.avi,90,103
